Tema, Menciones
indUnk,251015
Student,153903
Technology,42055
Arts,32449
Education,29633
Communications-Media,20140
Internet,16006
Non-Profit,14700
Engineering,11653
Law,9040
Publishing,7753
Science,7269
Government,6907
Consulting,5862
Religion,5235
Fashion,4851
Marketing,4769
Advertising,4676
BusinessServices,4500
Banking,4049
Chemicals,3928
Telecommunications,3891
Accounting,3832
Military,3128
Museums-Libraries,3096
Sports-Recreation,3038
HumanResources,3010
RealEstate,2870
Transportation,2326
Manufacturing,2272
Biotech,2234
Tourism,1942
LawEnforcement-Security,1878
Architecture,1638
InvestmentBanking,1292
Automotive,1244
Agriculture,1235
Construction,1093
Environment,592
Maritime,280